{"accuracy_score": 0.7888888888888889, "precision_score": 0.7674418604651163, "recall_score": 0.7857142857142857, "f1_score": 0.7764705882352941}